<?xml version="1.0" encoding="utf-8" standalone="no" ?>
<placeable type="silo" xmlns:xsi="http://www.w3.org/2001/XMLSchema-instance" xsi:noNamespaceSchemaLocation="../../../../../shared/xml/schema/placeable.xsd">
    <storeData>
        <name>Karma 16 - TLG</name>
        <functions>
            <function>$l10n_function_fillableSilo</function>
        </functions>
        <image>objects/karma16/store_karma16.png</image>
        <price>16000</price>
        <dailyUpkeep>10</dailyUpkeep>
        <lifetime>1000</lifetime>
        <rotation>0</rotation>
        <brand>UNIA</brand>
        <species>placeable</species>
        <category>fillableTanks</category>
        <brush>
            <type>placeable</type>
            <category>buildings</category>
            <tab>containers</tab>
        </brush>
        <vertexBufferMemoryUsage>229376</vertexBufferMemoryUsage>
        <indexBufferMemoryUsage>32000</indexBufferMemoryUsage>
        <textureMemoryUsage>1900544</textureMemoryUsage>
        <instanceVertexBufferMemoryUsage>0</instanceVertexBufferMemoryUsage>
        <instanceIndexBufferMemoryUsage>0</instanceIndexBufferMemoryUsage>
        <audioMemoryUsage>0</audioMemoryUsage>
    </storeData>

    <base>
        <filename>$data/placeables/unia/karma/karma16/karma16.i3d</filename>
        <canBeRenamed>true</canBeRenamed>
    </base>

    <placement useRandomYRotation="false" useManualYRotation="true" >
        <testAreas>
            <testArea startNode="testArea1Start" endNode="testArea1End" />
        </testAreas>
        <sounds>
            <place template="siloImp" pitchScale="1.2"/>
        </sounds>
    </placement>

    <clearAreas>
        <clearArea startNode="clearArea1Start" widthNode="clearArea1Width" heightNode="clearArea1Height"/>
    </clearAreas>

    <leveling requireLeveling="true" maxSmoothDistance="2" maxSlope="75" maxEdgeAngle="30">
        <levelAreas>
            <levelArea startNode="levelArea1Start" widthNode="levelArea1Width" heightNode="levelArea1Height" groundType="asphalt"/>
        </levelAreas>
    </leveling>

    <indoorAreas />

    <tipOcclusionUpdateAreas>
        <tipOcclusionUpdateArea startNode="tipOcclusionUpdateArea1Start" endNode="tipOcclusionUpdateArea1End" />
    </tipOcclusionUpdateAreas>

    <ai>
        <updateAreas>
            <updateArea startNode="tipOcclusionUpdateArea1Start" endNode="tipOcclusionUpdateArea1End" />
        </updateAreas>
    </ai>

    <infoTrigger triggerNode="infoTrigger"/>

    <silo playerActionTrigger="refillPlayerTrigger">
        <loadingStation node="loadingTrigger" supportsExtension="false">
            <loadTrigger triggerNode="loadingTrigger" aiNode="loadingStationAINode" fillTypes="SEEDS GRAPE GRAPEGREEN" fillLitersPerSecond="2000" />
        </loadingStation>

        <unloadingStation supportsExtension="false">
            <unloadTrigger fillTypes="SEEDS GRAPE GRAPEGREEN" aiNode="unloadingStationAINode" exactFillRootNode="exactFillRootNode" />
        </unloadingStation>

        <storages>
            <storage node="storage" fillTypes="SEEDS GRAPE GRAPEGREEN" capacity="27300" supportsMultipleFillTypes="false" isExtension="false"/>
        </storages>
    </silo>

    <hotspots>
        <hotspot type="LOADING" linkNode="mapPosition" teleportNode="refillTriggerMarker"/>
    </hotspots>

    <triggerMarkers>
        <triggerMarker node="markerLoading"       filename="$data/shared/assets/marker/markerIcons.xml" id="LOAD" />
        <triggerMarker node="refillTriggerMarker" filename="$data/shared/assets/marker/markerIcons.xml" id="WRENCH" />
    </triggerMarkers>

    <i3dMappings>
        <i3dMapping id="storage" node="0>0|0" />
        <i3dMapping id="mapPosition" node="0>0|1" />
        <i3dMapping id="exactFillRootNode" node="0>0|2|0" />
        <i3dMapping id="unloadingStationAINode" node="0>0|2|1" />
        <i3dMapping id="loadingTrigger" node="0>0|3|0" />
        <i3dMapping id="loadingStationAINode" node="0>0|3|1" />
        <i3dMapping id="infoTrigger" node="0>0|4" />
        <i3dMapping id="refillPlayerTrigger" node="0>0|5" />
        <i3dMapping id="refillTriggerMarker" node="0>0|5|0" />
        <i3dMapping id="clearArea1Start" node="0>1|0" />
        <i3dMapping id="clearArea1Width" node="0>1|0|0" />
        <i3dMapping id="clearArea1Height" node="0>1|0|1" />
        <i3dMapping id="levelArea1Start" node="0>2|0" />
        <i3dMapping id="levelArea1Width" node="0>2|0|0" />
        <i3dMapping id="levelArea1Height" node="0>2|0|1" />
        <i3dMapping id="testArea1Start" node="0>3|0" />
        <i3dMapping id="testArea1End" node="0>3|0|0" />
        <i3dMapping id="tipOcclusionUpdateArea1Start" node="0>4|0" />
        <i3dMapping id="tipOcclusionUpdateArea1End" node="0>4|0|0" />
        <i3dMapping id="markerLoading" node="0>5" />
    </i3dMappings>
</placeable>
