﻿<?xml version="1.0" encoding="utf-8" standalone="no"?>
<vehicle type="trailer" xmlns:xsi="http://www.w3.org/2001/XMLSchema-instance" xsi:noNamespaceSchemaLocation="../../../../shared/xml/schema/vehicle.xsd">
    <annotation>Copyright (C) GIANTS Software GmbH, All Rights Reserved.</annotation>

    <storeData>
        <name>LWS 12000</name>
        <functions>
            <function>$l10n_function_tipper</function>
        </functions>
        <image>$data/vehicles/fuhrmann/trailer12000L/store_trailer12000L.png</image>
        <price>50000</price>
        <lifetime>600</lifetime>
        <rotation>0</rotation>
        <brand>FUHRMANN</brand>
        <category>grapeTools</category>
        <shopTranslationOffset>0 -0.132 0</shopTranslationOffset>
        <shopRotationOffset>-0.931 0 0</shopRotationOffset>
        <vertexBufferMemoryUsage>1273088</vertexBufferMemoryUsage>
        <indexBufferMemoryUsage>216064</indexBufferMemoryUsage>
        <textureMemoryUsage>2818048</textureMemoryUsage>
        <instanceVertexBufferMemoryUsage>0</instanceVertexBufferMemoryUsage>
        <instanceIndexBufferMemoryUsage>0</instanceIndexBufferMemoryUsage>
        <audioMemoryUsage>0</audioMemoryUsage>
    </storeData>

    <base>
        <typeDesc>$l10n_typeDesc_tipper</typeDesc>
        <filename>$data/vehicles/fuhrmann/trailer12000L/trailer12000L.i3d</filename>
        <size width="3.5" length="8.5" lengthOffset="1.2"/>
        <components maxMass="15200">
            <component centerOfMass="0 0.6 1" solverIterationCount="10" mass="2712"/>
        </components>
        <schemaOverlay attacherJointPosition="0 0" name="IMPLEMENT" />
        <sounds volumeFactor="1.2"/>
    </base>

    <wheels>
        <wheelConfigurations>
            <wheelConfiguration name="$l10n_configuration_valueDefault" price="0" brand="TRELLEBORG" saveId="TRELLEBORG_DEFAULT">
                <wheels>
                    <wheel filename="$data/shared/wheels/tires/continental/contiHybridHT3/385_65R19_5.xml" isLeft="true" >
                        <physics tipOcclusionAreaGroupId="1" restLoad="0.7" repr="wheelFrontLeft"  forcePointRatio="0.4" initialCompression="12" suspTravel="0.1" spring="45" damper="50" yOffset="0.003"/>
                        <wheelChock parkingNode="wheelChock01"/>
                        <wheelChock parkingNode="wheelChock02" isInverted="true"/>
                    </wheel>
                    <wheel filename="$data/shared/wheels/tires/continental/contiHybridHT3/385_65R19_5.xml" isLeft="false" >
                        <physics tipOcclusionAreaGroupId="1" restLoad="0.7" repr="wheelFrontRight" forcePointRatio="0.4" initialCompression="12" suspTravel="0.1" spring="45" damper="50" yOffset="0.003"/>
                    </wheel>
                    <wheel filename="$data/shared/wheels/tires/continental/contiHybridHT3/385_65R19_5.xml" isLeft="true" hasTireTracks="true" hasParticles="true" >
                        <physics tipOcclusionAreaGroupId="1" restLoad="0.7" repr="wheelBackLeft"   forcePointRatio="0.4" initialCompression="12" suspTravel="0.1" spring="45" damper="50" yOffset="0.02"/>
                    </wheel>
                    <wheel filename="$data/shared/wheels/tires/continental/contiHybridHT3/385_65R19_5.xml" isLeft="false" hasTireTracks="true" hasParticles="true" >
                        <physics tipOcclusionAreaGroupId="1" restLoad="0.7" repr="wheelBackRight"  forcePointRatio="0.4" initialCompression="12" suspTravel="0.1" spring="45" damper="50" yOffset="0.02"/>
                    </wheel>
                </wheels>
            </wheelConfiguration>
        </wheelConfigurations>

        <rimColor material="18">SHARED_WHITE1</rimColor>

        <hubs>
            <color0>SHARED_DA_METAL_BLACK</color0>
            <color1>SHARED_GREY3</color1>
            <hub linkNode="wheelFrontLeft"  filename="$data/shared/wheels/hubs/hub_n8_6.xml" isLeft="true"  scale="0.29 0.29 0.29" />
            <hub linkNode="wheelFrontRight" filename="$data/shared/wheels/hubs/hub_n8_6.xml" isLeft="false" scale="0.29 0.29 0.29" />
            <hub linkNode="wheelBackLeft"   filename="$data/shared/wheels/hubs/hub_n8_6.xml" isLeft="true"  scale="0.29 0.29 0.29" />
            <hub linkNode="wheelBackRight"  filename="$data/shared/wheels/hubs/hub_n8_6.xml" isLeft="false" scale="0.29 0.29 0.29" />
        </hubs>
    </wheels>

    <attachable>
        <inputAttacherJoints>
            <inputAttacherJoint node="attacherJoint" jointType="trailer" attacherHeight="0.6"/>
        </inputAttacherJoints>
        <support animationName="moveSupport"/>
        <brakeForce force="0.3" maxForce="0.9" maxForceMass="10400"/>
    </attachable>

    <licensePlates>
        <licensePlate node="licensePlateNodeBack"  position="BACK" preferedType="ELONGATED" placementArea="0.1 0.4 0.12 0.26"/>
    </licensePlates>

    <connectionHoses>
        <hose inputAttacherJointIndices="1" type="electric" node="electric" length="0.6" diameter="0.02" straighteningFactor="0.5">
            <objectChange node="electric_detached" visibilityActive="false" visibilityInactive="true"/>
        </hose>
        <hose inputAttacherJointIndices="1" type="hydraulicIn"  node="hydraulicIn01"  length="0.6" diameter="0.02" straighteningFactor="0.5">
           <objectChange node="hydraulicIn01_detached" visibilityActive="false" visibilityInactive="true"/>
        </hose>
        <hose inputAttacherJointIndices="1" type="hydraulicOut" node="hydraulicOut01" length="0.6" diameter="0.02" straighteningFactor="0.5">
            <objectChange node="hydraulicOut01_detached" visibilityActive="false" visibilityInactive="true"/>
        </hose>
        <hose inputAttacherJointIndices="1" type="hydraulicIn"  node="hydraulicIn02"  length="0.6" diameter="0.02" straighteningFactor="0.5">
           <objectChange node="hydraulicIn02_detached" visibilityActive="false" visibilityInactive="true"/>
        </hose>
        <hose inputAttacherJointIndices="1" type="hydraulicOut" node="hydraulicOut02" length="0.6" diameter="0.02" straighteningFactor="0.5">
            <objectChange node="hydraulicOut02_detached" visibilityActive="false" visibilityInactive="true"/>
        </hose>
    </connectionHoses>

    <dynamicallyLoadedParts>
        <dynamicallyLoadedPart node="1|1" linkNode="electric_detachedAdapter"       filename="$data/shared/connectionHoses/connectors.i3d" />
        <dynamicallyLoadedPart node="1|0" linkNode="hydraulicIn01_detachedAdapter"  filename="$data/shared/connectionHoses/connectors.i3d" />
        <dynamicallyLoadedPart node="1|0" linkNode="hydraulicOut01_detachedAdapter" filename="$data/shared/connectionHoses/connectors.i3d" />
        <dynamicallyLoadedPart node="1|0" linkNode="hydraulicIn02_detachedAdapter"  filename="$data/shared/connectionHoses/connectors.i3d" />
        <dynamicallyLoadedPart node="1|0" linkNode="hydraulicOut02_detachedAdapter" filename="$data/shared/connectionHoses/connectors.i3d" />
    </dynamicallyLoadedParts>

    <lights>
        <sharedLight linkNode="yellowRectangle_01" filename="$data/shared/assets/lights/lizard/sideMarker11Orange.xml" />
        <sharedLight linkNode="yellowRectangle_02" filename="$data/shared/assets/lights/lizard/sideMarker11Orange.xml" />
        <sharedLight linkNode="yellowRectangle_03" filename="$data/shared/assets/lights/lizard/sideMarker11Orange.xml" />
        <sharedLight linkNode="yellowRectangle_04" filename="$data/shared/assets/lights/lizard/sideMarker11Orange.xml" />
        <sharedLight linkNode="rearLight31_left"   filename="$data/shared/assets/lights/lizard/rearLight31_left.xml" />
        <sharedLight linkNode="rearLight31_right"   filename="$data/shared/assets/lights/lizard/rearLight31_right.xml" />
        <sharedLight linkNode="sideMarker05Orange"   filename="$data/shared/assets/lights/lizard/sideMarker05Orange.xml" />
        <sharedLight linkNode="sideMarker05Orange1"   filename="$data/shared/assets/lights/lizard/sideMarker05Orange.xml" />
        <sharedLight linkNode="sideMarker03_left"   filename="$data/shared/assets/lights/lizard/sideMarker03_left.xml" />
        <sharedLight linkNode="sideMarker03_right"   filename="$data/shared/assets/lights/lizard/sideMarker03_right.xml" />

        <realLights>
            <high>
                <light node="backLightsHigh1"       lightTypes="0"/>
                <light node="licensePlateLightHigh" lightTypes="0"/>
                <turnLightLeft node="turnLightLeftBack"/>
                <turnLightRight node="turnLightRightBack"/>
                <brakeLight node="backLightsHigh1"/>
                <reverseLight node="reverseLightHigh1"/>
            </high>
        </realLights>
    </lights>

    <animations>
        <animation name="tipAnimationBack">
            <part node="doorBack" direction="1"  startTime="0" endTime="1" startRot="0 0 0" endRot="50 0 0"/>
            <part node="doorBack" direction="-1" startTime="0" endTime="0.5" startRot="0 0 0" endRot="50 0 0"/>

            <sound template="defaultHydraulicSound" startTime="0.01" endTime="0.99" direction="1"     volumeScale="0.9" pitchScale="1.5" />
            <sound template="defaultHydraulicSound" startTime="0.01" endTime="0.5"  direction="-1"    volumeScale="0.9" pitchScale="1.5" />
            <sound template="clackVar4"             startTime="0.9"  direction="1"  volumeScale="1"   pitchScale="1.3" />
            <sound template="clackVar6"             startTime="0.01" direction="-1" volumeScale="0.6" pitchScale="1.2" />
        </animation>
        <animation name="moveSupport">
            <part node="supportArm"      startTime="0" endTime="0.5" startTrans="0 0.424 0" endTrans="0 0.07 0"/>
            <part node="supportHandle"   startTime="0" endTime="0.5" startRot="0 0 0" endRot="-700 0 0"/>

            <sound template="clackVar1"  startTime="0.4"  direction="1"  volumeScale="1" pitchScale="1.5"   linkNode="attacherJoint"/>
            <sound template="clackVar5"  startTime="0.1"  direction="-1" volumeScale="0.8" pitchScale="1.4" linkNode="attacherJoint"/>
            <sound template="latchSmall" startTime="0.49"                volumeScale="0.2" pitchScale="1.4" linkNode="attacherJoint"/>
        </animation>
        <animation name="toggleCover">
            <part node="ladder"          startTime="0.0" endTime="1.0" startRot="0 0 0" endRot="0 0 -200"/>
            <part node="ladder2"         startTime="0.0" endTime="1.0" startRot="0 0 0" endRot="0 0 -200"/>
            <part node="coverLockArm"    startTime="0.0" endTime="0.5" startRot="0 0 0" endRot="0 0 -50"/>
            <part node="coverRight"      startTime="0.5" endTime="3.0" startRot="0 0 0" endRot="0 0 70" tangentType="spline"/>
            <part node="coverRight"      startTime="3.0" endTime="5.5" startRot="0 0 70" endRot="0 0 0" tangentType="spline"/>
            <part node="coverLockArm"    startTime="5.5" endTime="6.0" startRot="0 0 -50" endRot="0 0 0"/>
            <part node="coverLockArm2"   startTime="6.0" endTime="6.5" startRot="0 0 0" endRot="0 0 50"/>
            <part node="coverLeft"       startTime="6.5" endTime="9.0" startRot="0 0 0" endRot="0 0 -70" tangentType="spline"/>
            <part node="coverLeft"       startTime="9.0" endTime="11.5" startRot="0 0 -70" endRot="0 0 0" tangentType="spline"/>
            <part node="coverLockArm2"   startTime="11.5" endTime="12.0" startRot="0 0 50" endRot="0 0 0"/>
            <part node="ladder"          startTime="11.0" endTime="12.0" startRot="0 0 -200" endRot="0 0 0"/>
            <part node="ladder2"         startTime="11.0" endTime="12.0" startRot="0 0 -200" endRot="0 0 0"/>
        </animation>
    </animations>

    <cylindered>
        <movingTools>
            <movingTool node="doorBack" playSound="true">
                <dependentPart node="doorBackArm01" />
            </movingTool>
            <movingTool node="coverLockArm" playSound="false">
                <dependentPart node="coverLockArmPart01" />
            </movingTool>
            <movingTool node="coverRight" playSound="true">
                <dependentPart node="coverArm01" />
            </movingTool>
            <movingTool node="coverLeft" playSound="true">
                <dependentPart node="coverArm01" />
            </movingTool>
            <movingTool node="coverLockArm2" playSound="false">
                <dependentPart node="coverLockArm2Arm01" />
            </movingTool>
        </movingTools>

        <movingParts>
            <movingPart node="doorBackArm01" localReferencePoint="doorBackArm02" referencePoint="doorBackArm02Ref" referenceFrame="doorBackArm01RefFrame" >
                <dependentPart node="doorBackArm02" />
                <dependentPart node="doorBackHydraulic" />
            </movingPart>
            <movingPart node="doorBackArm02" referencePoint="doorBackArm02Ref" referenceFrame="doorBackArm02Ref" />
            <movingPart node="doorBackHydraulic" referencePoint="doorBackHydraulicRef" referenceFrame="doorBackHydraulicRef">
                <translatingPart node="doorBackHydraulicPunch" />
            </movingPart>
            <movingPart node="coverLockArmPart01" localReferencePoint="coverLockArmPart02" referencePoint="coverLockArmPart02Ref" referenceFrame="coverLockArmPart01RefFrame" >
                <dependentPart node="coverLockArmPart02" />
            </movingPart>
            <movingPart node="coverLockArmPart02" referencePoint="coverLockArmPart02Ref" referenceFrame="coverLockArmPart02Ref" />
            <movingPart node="coverArm01" localReferencePoint="coverArm02" referencePoint="coverArm02Ref" referenceFrame="coverArm01RefFrame" >
                <dependentPart node="coverArm02" />
                <dependentPart node="coverHydraulic" />
            </movingPart>
            <movingPart node="coverArm02" referencePoint="coverArm02Ref" referenceFrame="coverArm02Ref" />
            <movingPart node="coverHydraulic" referencePoint="coverHydraulicRef" referenceFrame="coverHydraulicRefFrame">
                <translatingPart node="coverHydraulicPunch" />
            </movingPart>
            <movingPart node="coverLockArm2Arm01" localReferencePoint="coverLockArm2Arm02" referencePoint="coverLockArm2Arm02Ref" referenceFrame="coverLockArm2Arm01RefFrame" >
                <dependentPart node="coverLockArm2Arm02" />
            </movingPart>
            <movingPart node="coverLockArm2Arm02" referencePoint="coverLockArm2Arm02Ref" referenceFrame="coverLockArm2Arm02Ref" />
        </movingParts>
    </cylindered>

    <fillUnit>
        <fillUnitConfigurations>
            <fillUnitConfiguration name="$l10n_configuration_valueDefault" price="0">
                <fillUnits>
                    <fillUnit shopDisplayUnit="CUBICMETER" fillTypes="GRAPE GRAPEGREEN" capacity="20000" >
                        <exactFillRootNode node="exactFillRootNode" />
                        <autoAimTargetNode node="fillAutoAimTargetNode" startZ="1.6" endZ="-1.6" invert="false" startPercentage="25"/>
                    </fillUnit>
                </fillUnits>
            </fillUnitConfiguration>
        </fillUnitConfigurations>
    </fillUnit>

    <fillVolume>
        <fillVolumeConfigurations>
            <fillVolumeConfiguration>
                <volumes>
                    <volume node="fillVolume" maxDelta="0.23" maxAllowedHeapAngle="10" fillUnitIndex="1"/>
                </volumes>
            </fillVolumeConfiguration>
        </fillVolumeConfigurations>

        <unloadInfos>
            <unloadInfo>
                <node node="fillVolumeUnloadInfo" width="1.5" length="1.0" />
            </unloadInfo>
        </unloadInfos>
    </fillVolume>

    <trailer>
        <trailerConfigurations>
            <trailerConfiguration>
                <trailer>
                    <tipSide name="$l10n_info_tipSideBack" dischargeNodeIndex="1">
                        <animation name="tipAnimationBack" speedScale="1.0" startTipTime="1"/>
                        <animationNodes>
                            <animationNode node="auger" rotSpeed="300" rotAxis="3"/>
                        </animationNodes>
                    </tipSide>
                </trailer>
            </trailerConfiguration>
        </trailerConfigurations>
    </trailer>

    <dischargeable>
        <dischargeNode node="dischargeNodeBack" emptySpeed="860" fillUnitIndex="1" unloadInfoIndex="1" allowAIDischarge="true">
            <info width="2.0" length="0.5" zOffset="-1" />
            <effects>
                <effectNode effectClass="PipeEffect" effectNode="pipeEffectFront" materialType="pipe" delay="0" stopDelay="0" fadeTime="0.2" extraDistance="-0.2"/>
            </effects>
        </dischargeNode>
    </dischargeable>

    <cover>
        <coverConfigurations>
            <coverConfiguration name="$l10n_configuration_valueNo">
                <objectChange node="config_cover" visibilityActive="false" visibilityInactive="true"/>
                <objectChange node="hoses_cover" visibilityActive="false" visibilityInactive="true"/>
                <objectChange node="colPart01" compoundChildActive="false" compoundChildInactive="true"/>
            </coverConfiguration>
            <coverConfiguration name="$l10n_configuration_valueYes" openCoverWhileTipping="false" price="3000">
                <cover openAnimation="toggleCover" fillUnitIndices="1" openAnimationStartTime="0.00" openAnimationStopTime="0.25"/>
                <cover openAnimation="toggleCover" fillUnitIndices="1" openAnimationStopTime="0.75" closeAnimation="toggleCover" closeAnimationStopTime="1"/>
            </coverConfiguration>
        </coverConfigurations>
    </cover>

    <designConfigurations title="$l10n_configuration_ladder">
        <designConfiguration name="$l10n_configuration_valueNo">
            <objectChange node="config_stairs" visibilityActive="false" visibilityInactive="true"/>
            <objectChange node="colPart07" compoundChildActive="false" compoundChildInactive="true"/>
        </designConfiguration>
        <designConfiguration name="$l10n_configuration_valueYes" price="500"/>
    </designConfigurations>

    <ai>
        <allowTurnBackward value="false"/>
        <turningRadiusLimitation radius="9"/>
        <agentAttachment jointNode="attacherJoint" rotCenterWheelIndices="1 2 3 4" width="2.3" height="2.4" length="6" lengthOffset="0.15"/>
    </ai>

    <foliageBending>
        <bendingNode minX="-1.15" maxX="1.15" minZ="-2.1" maxZ="3.3" yOffset="0.6" />
        <bendingNode minX="-0.2" maxX="0.2" minZ="3.3" maxZ="5.1" yOffset="0.6" />
    </foliageBending>

    <baseMaterial>
        <material name="trailer12000LConfig1_mat" baseNode="trailer12000_vis">
            <shaderParameter name="colorMat0" value="SHARED_DA_METAL_BLACK"/>
        </material>
    </baseMaterial>

    <wearable wearDuration="480" workMultiplier="5" fieldMultiplier="2"/>
    <washable dirtDuration="90" washDuration="1" workMultiplier="3" fieldMultiplier="2"/>

    <i3dMappings>
        <i3dMapping id="trailer12000_main_component1" node="0>" />
        <i3dMapping id="trailer12000_vis" node="0>0" />
        <i3dMapping id="attacherJoint" node="0>0|0|0" />
        <i3dMapping id="supportHandle" node="0>0|0|1" />
        <i3dMapping id="supportArm" node="0>0|0|2" />
        <i3dMapping id="electric" node="0>0|0|3|0" />
        <i3dMapping id="electric_detached" node="0>0|0|3|0|0" />
        <i3dMapping id="electric_detachedAdapter" node="0>0|0|3|0|0|0" />
        <i3dMapping id="hydraulicIn01" node="0>0|0|3|1" />
        <i3dMapping id="hydraulicIn01_detached" node="0>0|0|3|1|0" />
        <i3dMapping id="hydraulicIn01_detachedAdapter" node="0>0|0|3|1|0|0" />
        <i3dMapping id="hydraulicOut01" node="0>0|0|3|2" />
        <i3dMapping id="hydraulicOut01_detached" node="0>0|0|3|2|0" />
        <i3dMapping id="hydraulicOut01_detachedAdapter" node="0>0|0|3|2|0|0" />
        <i3dMapping id="hydraulicIn02" node="0>0|0|3|3" />
        <i3dMapping id="hydraulicIn02_detached" node="0>0|0|3|3|0" />
        <i3dMapping id="hydraulicIn02_detachedAdapter" node="0>0|0|3|3|0|0" />
        <i3dMapping id="hydraulicOut02" node="0>0|0|3|4" />
        <i3dMapping id="hydraulicOut02_detached" node="0>0|0|3|4|0" />
        <i3dMapping id="hydraulicOut02_detachedAdapter" node="0>0|0|3|4|0|0" />
        <i3dMapping id="wheelFrontLeft" node="0>0|1|0" />
        <i3dMapping id="wheelFrontRight" node="0>0|1|1" />
        <i3dMapping id="wheelBackLeft" node="0>0|1|2" />
        <i3dMapping id="wheelBackRight" node="0>0|1|3" />
        <i3dMapping id="wheelChock01" node="0>0|1|4" />
        <i3dMapping id="wheelChock02" node="0>0|1|5" />
        <i3dMapping id="rearLight31_left" node="0>0|2|0|0" />
        <i3dMapping id="rearLight31_right" node="0>0|2|0|1" />
        <i3dMapping id="yellowRectangle_01" node="0>0|2|0|2" />
        <i3dMapping id="yellowRectangle_02" node="0>0|2|0|3" />
        <i3dMapping id="yellowRectangle_03" node="0>0|2|0|4" />
        <i3dMapping id="yellowRectangle_04" node="0>0|2|0|5" />
        <i3dMapping id="sideMarker05Orange" node="0>0|2|0|6" />
        <i3dMapping id="sideMarker05Orange1" node="0>0|2|0|7" />
        <i3dMapping id="sideMarker03_left" node="0>0|2|0|8" />
        <i3dMapping id="sideMarker03_right" node="0>0|2|0|9" />
        <i3dMapping id="plateNumberLight02_01" node="0>0|2|0|10" />
        <i3dMapping id="backLightsHigh1" node="0>0|2|1|0" />
        <i3dMapping id="licensePlateLightHigh" node="0>0|2|1|1" />
        <i3dMapping id="turnLightLeftBack" node="0>0|2|2|0" />
        <i3dMapping id="turnLightRightBack" node="0>0|2|2|1" />
        <i3dMapping id="reverseLightHigh1" node="0>0|2|3|0" />
        <i3dMapping id="auger" node="0>0|3|0" />
        <i3dMapping id="doorBack" node="0>0|3|1" />
        <i3dMapping id="doorBackArm02Ref" node="0>0|3|1|0" />
        <i3dMapping id="doorBackArm01RefFrame" node="0>0|3|2" />
        <i3dMapping id="doorBackArm01" node="0>0|3|2|0" />
        <i3dMapping id="doorBackArm02" node="0>0|3|2|0|0" />
        <i3dMapping id="doorBackHydraulicRef" node="0>0|3|2|0|1" />
        <i3dMapping id="doorBackHydraulicRefFrame" node="0>0|3|3" />
        <i3dMapping id="doorBackHydraulic" node="0>0|3|3|0" />
        <i3dMapping id="doorBackHydraulicPunch" node="0>0|3|3|0|0" />
        <i3dMapping id="ladder" node="0>0|3|4" />
        <i3dMapping id="dischargeNodeBack" node="0>0|4|0" />
        <i3dMapping id="fillVolumeUnloadInfo" node="0>0|4|1" />
        <i3dMapping id="fillVolume" node="0>0|4|2" />
        <i3dMapping id="exactFillRootNode" node="0>0|4|3" />
        <i3dMapping id="fillAutoAimTargetNode" node="0>0|4|3|0" />
        <i3dMapping id="pipeEffectFront" node="0>0|5|0" />
        <i3dMapping id="config_stairs" node="0>0|6|0" />
        <i3dMapping id="ladder2" node="0>0|6|0|0" />
        <i3dMapping id="config_cover" node="0>0|6|1" />
        <i3dMapping id="coverLockArm" node="0>0|6|1|0" />
        <i3dMapping id="coverLockArmPart02Ref" node="0>0|6|1|0|0" />
        <i3dMapping id="coverLockArmPart01RefFrame" node="0>0|6|1|1" />
        <i3dMapping id="coverLockArmPart01" node="0>0|6|1|1|0" />
        <i3dMapping id="coverLockArmPart02" node="0>0|6|1|1|0|0" />
        <i3dMapping id="coverLeft" node="0>0|6|1|2" />
        <i3dMapping id="coverRight" node="0>0|6|1|2|0" />
        <i3dMapping id="coverArm02Ref" node="0>0|6|1|2|0|0|0" />
        <i3dMapping id="colPart01" node="0>0|6|1|2|0|0|2" />
        <i3dMapping id="coverArm01RefFrame" node="0>0|6|1|3" />
        <i3dMapping id="coverArm01" node="0>0|6|1|3|0" />
        <i3dMapping id="coverArm02" node="0>0|6|1|3|0|0" />
        <i3dMapping id="coverHydraulicRef" node="0>0|6|1|3|0|1" />
        <i3dMapping id="coverHydraulicRefFrame" node="0>0|6|1|4" />
        <i3dMapping id="coverHydraulic" node="0>0|6|1|4|0" />
        <i3dMapping id="coverHydraulicPunch" node="0>0|6|1|4|0|0" />
        <i3dMapping id="coverLockArm2" node="0>0|6|1|5" />
        <i3dMapping id="coverLockArm2Arm02Ref" node="0>0|6|1|5|0" />
        <i3dMapping id="coverLockArm2Arm01RefFrame" node="0>0|6|1|6" />
        <i3dMapping id="coverLockArm2Arm01" node="0>0|6|1|6|0" />
        <i3dMapping id="coverLockArm2Arm02" node="0>0|6|1|6|0|0" />
        <i3dMapping id="licensePlateNodeBack" node="0>0|6|2" />
        <i3dMapping id="hoses_cover" node="0>1|0" />
        <i3dMapping id="colPart07" node="0>2|7" />
    </i3dMappings>
</vehicle>
