<?xml version="1.0" encoding="utf-8" standalone="no" ?>
<placeable type="greenhouse" xmlns:xsi="http://www.w3.org/2001/XMLSchema-instance" xsi:noNamespaceSchemaLocation="../../../../../shared/xml/schema/placeable.xsd">
    <storeData>
        <name>$l10n_shopItem_vinehouseRev</name>
        <functions>
            <function>$l10n_function_productionPoint</function>
        </functions>
        <image>textures/vinehouse.dds</image>
        <price>10000</price>
        <dailyUpkeep>100</dailyUpkeep>
        <lifetime>1000</lifetime>
        <rotation>0</rotation>
        <brand>ALSMODS</brand>
        <species>placeable</species>
        <category>placeableMisc</category>
        <brush>
            <type>placeable</type>
            <category>production</category>
            <tab>greenhouses</tab>
        </brush>
        <canBeSold>true</canBeSold>
        <vertexBufferMemoryUsage>991744</vertexBufferMemoryUsage>
        <indexBufferMemoryUsage>149504</indexBufferMemoryUsage>
        <textureMemoryUsage>5177344</textureMemoryUsage>
        <instanceVertexBufferMemoryUsage>0</instanceVertexBufferMemoryUsage>
        <instanceIndexBufferMemoryUsage>0</instanceIndexBufferMemoryUsage>
        <storeIconRendering>
            <settings cameraXRot="-20" cameraYRot="30" advancedBoundingBox="true"/>
        </storeIconRendering>
        <audioMemoryUsage>0</audioMemoryUsage>
    </storeData>

    <base>
        <filename>vinehouseRev.i3d</filename>
        <canBeRenamed>true</canBeRenamed>
    </base>

    <placement useRandomYRotation="false" useManualYRotation="true" >
        <testAreas>
            <testArea startNode="testArea1Start" endNode="testArea1End" />
        </testAreas>

        <sounds>
            <place template="smallImp" />
        </sounds>
    </placement>

    <clearAreas>
        <clearArea startNode="clearArea1Start" widthNode="clearArea1Width" heightNode="clearArea1Height"/>
    </clearAreas>

    <leveling requireLeveling="true" maxSmoothDistance="1" maxSlope="75" maxEdgeAngle="30">
        <levelAreas>
            <levelArea startNode="levelArea1Start" widthNode="levelArea1Width" heightNode="levelArea1Height"/>
        </levelAreas>
    </leveling>

    <indoorAreas>
        <indoorArea startNode="indoorArea1Start" widthNode="indoorArea1Width" heightNode="indoorArea1Height"/>
    </indoorAreas>

    <tipOcclusionUpdateAreas>
        <tipOcclusionUpdateArea startNode="tipOcclusionUpdateArea1Start" endNode="tipOcclusionUpdateArea1End" />
    </tipOcclusionUpdateAreas>

    <ai>
        <updateAreas>
            <updateArea startNode="tipOcclusionUpdateArea1Start" endNode="tipOcclusionUpdateArea1End" />
        </updateAreas>
    </ai>

    <infoTrigger triggerNode="infoTrigger" />

    <hotspots>
        <hotspot type="PRODUCTION_POINT" linkNode="unloadTriggerMarker" teleportNode="teleportNode" />
    </hotspots>

    <triggerMarkers>
        <triggerMarker node="warningStripes" />
        <triggerMarker node="playerTriggerMarker" filename="$data/shared/assets/marker/markerIcons.xml" id="WRENCH" adjustToGround="true" />
        <triggerMarker node="unloadTriggerMarker" filename="$data/shared/assets/marker/markerIcons.xml" id="WATER"  adjustToGround="false" />
    </triggerMarkers>

    <greenhouse>
        <plants>
			<plant fillType="GRAPE"      xmlFilename="fillTypes/pallets/grapeBoxPallet/grape/grape.xml" />
			<plant fillType="OLIVE"      xmlFilename="fillTypes/pallets/oliveBoxPallet/olive/olive.xml" />
        </plants>

        <plantSpaces>
            <spacesParent node="plantNodes" />
        </plantSpaces>

        <sounds>
            <watering template="DEFAULT_SPRAYER" linkNode="0>" loops="0"/>
        </sounds>

        <!--<effectNodes>-->
            <!--<effectNode effectNode="0>4|1" materialType="smoke" materialTypeId="1" fadeTime="0.5" />-->
        <!--</effectNodes>-->
    </greenhouse>

    <productionPoint>
        <productions>
			<production id="GRAPE" name="$l10n_fillType_grape" cyclesPerHour="64" costsPerActiveHour="0.1">
                <inputs>
                    <input fillType="WATER" amount="1" />
                </inputs>
                <outputs>
                    <output fillType="GRAPE" amount="2" />
                </outputs>
            </production>
			<production id="OLIVE" name="$l10n_fillType_olive" cyclesPerHour="64" costsPerActiveHour="0.1">
                <inputs>
                    <input fillType="WATER" amount="1" />
                </inputs>
                <outputs>
                    <output fillType="OLIVE" amount="2" />
                </outputs>
            </production>
        </productions>

        <sellingStation node="sellingStation" appearsOnStats="true" supportsExtension="true">
            <unloadTrigger exactFillRootNode="unloadTrigger" fillTypes="WATER" aiNode="unloadTriggerAINode" />
        </sellingStation>

        <palletSpawner node="palletSpawner">
            <spawnPlaces>
                <spawnPlace startNode="spawnPlace1Start" />
            </spawnPlaces>
        </palletSpawner>

        <storage node="storage" isExtension="false" fillTypes="WATER" >
            <capacity fillType="WATER"      capacity="20000" />
			<capacity fillType="GRAPE" capacity="24000" />
			<capacity fillType="OLIVE" capacity="24000" />
        </storage>

        <playerTrigger node="playerTrigger" />
    </productionPoint>

    <animatedObjects>
        <animatedObject saveId="door1" >
            <animation duration="3">
                <part node="door1Left">
                    <keyFrame time="0.1" rotation="0 0 0"/>
                    <keyFrame time="1.0" rotation="0 -100 0"/>
                </part>
                <part node="door1Right">
                    <keyFrame time="0.0" rotation="0 0 0"/>
                    <keyFrame time="0.9" rotation="0 100 0"/>
                </part>
            </animation>
            <controls triggerNode="door1Trigger" posAction="ACTIVATE_HANDTOOL" posText="action_openDoor" negText="action_closeDoor" />
            <sounds>
                <moving linkNode="door1" template="glassDoorLoop"/>
                <negEnd linkNode="door1" template="metalDoorsClose" />
            </sounds>
        </animatedObject>
        <animatedObject saveId="door2" >
            <animation duration="3">
                <part node="door2Left">
                    <keyFrame time="0.1" rotation="0 0 0"/>
                    <keyFrame time="1.0" rotation="0 -100 0"/>
                </part>
                <part node="door2Right">
                    <keyFrame time="0.0" rotation="0 0 0"/>
                    <keyFrame time="0.9" rotation="0 100 0"/>
                </part>
            </animation>
            <controls triggerNode="door2Trigger" posAction="ACTIVATE_HANDTOOL" posText="action_openDoor" negText="action_closeDoor" />
            <sounds>
                <moving linkNode="door2" template="glassDoorLoop"/>
                <negEnd linkNode="door2" template="metalDoorsClose" />
            </sounds>
        </animatedObject>
        <animatedObject saveId="door3" >
            <animation duration="3">
                <part node="door3Left">
                    <keyFrame time="0.1" rotation="0 0 0"/>
                    <keyFrame time="1.0" rotation="0 -100 0"/>
                </part>
                <part node="door3Right">
                    <keyFrame time="0.0" rotation="0 0 0"/>
                    <keyFrame time="0.9" rotation="0 100 0"/>
                </part>
            </animation>
            <controls triggerNode="door3Trigger" posAction="ACTIVATE_HANDTOOL" posText="action_openDoor" negText="action_closeDoor" />
            <sounds>
                <moving linkNode="door3" template="glassDoorLoop" />
                <negEnd linkNode="door3" template="metalDoorsClose" />
            </sounds>
        </animatedObject>
        <animatedObject saveId="door4" >
            <animation duration="3">
                <part node="door4Left">
                    <keyFrame time="0.1" rotation="0 0 0"/>
                    <keyFrame time="1.0" rotation="0 -100 0"/>
                </part>
                <part node="door4Right">
                    <keyFrame time="0.0" rotation="0 0 0"/>
                    <keyFrame time="0.9" rotation="0 100 0"/>
                </part>
            </animation>
            <controls triggerNode="door4Trigger" posAction="ACTIVATE_HANDTOOL" posText="action_openDoor" negText="action_closeDoor" />
            <sounds>
                <moving linkNode="door4" template="glassDoorLoop" />
                <negEnd linkNode="door4" template="metalDoorsClose" />
            </sounds>
        </animatedObject>
        <animatedObject saveId="door5" >
            <animation duration="3">
                <part node="door5Left">
                    <keyFrame time="0.0" rotation="0 0 0"/>
                    <keyFrame time="1.0" rotation="0 100 0"/>
                </part>
            </animation>
            <controls triggerNode="door5Trigger" posAction="ACTIVATE_HANDTOOL" posText="action_openDoor" negText="action_closeDoor" />
            <sounds>
                <moving linkNode="door5" template="glassDoorLoop" />
                <negEnd linkNode="door5" template="metalDoorsClose" />
            </sounds>
        </animatedObject>
        <animatedObject saveId="door6" >
            <animation duration="3">
                <part node="door6Left">
                    <keyFrame time="0.0" rotation="0 0 0"/>
                    <keyFrame time="1.0" rotation="0 100 0"/>
                </part>
            </animation>
            <controls triggerNode="door6Trigger" posAction="ACTIVATE_HANDTOOL" posText="action_openDoor" negText="action_closeDoor" />
            <sounds>
                <moving linkNode="door6" template="glassDoorLoop" />
                <negEnd linkNode="door6" template="metalDoorsClose" />
            </sounds>
        </animatedObject>
    </animatedObjects>

    <i3dMappings>
        <i3dMapping id="plantNodes" node="0>0|1" />
        <i3dMapping id="sellingStation" node="0>0|3" />
        <i3dMapping id="unloadTrigger" node="0>0|3|0" />
        <i3dMapping id="unloadTriggerMarker" node="0>0|3|1" />
        <i3dMapping id="unloadTriggerAINode" node="0>0|3|2" />
        <i3dMapping id="storage" node="0>0|4" />
        <i3dMapping id="playerTrigger" node="0>0|5" />
        <i3dMapping id="playerTriggerMarker" node="0>0|6" />
        <i3dMapping id="palletSpawner" node="0>0|7" />
        <i3dMapping id="spawnPlace1Start" node="0>0|7|0" />
        <i3dMapping id="spawnPlace1End" node="0>0|7|0|0" />
        <i3dMapping id="door1" node="0>1|0" />
        <i3dMapping id="door1Left" node="0>1|0|0" />
        <i3dMapping id="door1Right" node="0>1|0|1" />
        <i3dMapping id="door1Trigger" node="0>1|0|2" />
        <i3dMapping id="door2" node="0>1|1" />
        <i3dMapping id="door2Left" node="0>1|1|0" />
        <i3dMapping id="door2Right" node="0>1|1|1" />
        <i3dMapping id="door2Trigger" node="0>1|1|2" />
        <i3dMapping id="door3" node="0>1|2" />
        <i3dMapping id="door3Left" node="0>1|2|0" />
        <i3dMapping id="door3Right" node="0>1|2|1" />
        <i3dMapping id="door3Trigger" node="0>1|2|2" />
        <i3dMapping id="door4" node="0>1|3" />
        <i3dMapping id="door4Left" node="0>1|3|0" />
        <i3dMapping id="door4Right" node="0>1|3|1" />
        <i3dMapping id="door4Trigger" node="0>1|3|2" />
        <i3dMapping id="door5" node="0>1|4" />
        <i3dMapping id="door5Left" node="0>1|4|0" />
        <i3dMapping id="door5Trigger" node="0>1|4|1" />
        <i3dMapping id="door6" node="0>1|5" />
        <i3dMapping id="door6Left" node="0>1|5|0" />
        <i3dMapping id="door6Trigger" node="0>1|5|1" />
        <i3dMapping id="clearArea1Start" node="0>2|0" />
        <i3dMapping id="clearArea1Width" node="0>2|0|0" />
        <i3dMapping id="clearArea1Height" node="0>2|0|1" />
        <i3dMapping id="levelArea1Start" node="0>3|0" />
        <i3dMapping id="levelArea1Width" node="0>3|0|0" />
        <i3dMapping id="levelArea1Height" node="0>3|0|1" />
        <i3dMapping id="indoorArea1Start" node="0>4|0" />
        <i3dMapping id="indoorArea1Width" node="0>4|0|0" />
        <i3dMapping id="indoorArea1Height" node="0>4|0|1" />
        <i3dMapping id="testArea1Start" node="0>5|0" />
        <i3dMapping id="testArea1End" node="0>5|0|0" />
        <i3dMapping id="tipOcclusionUpdateArea1Start" node="0>6|0" />
        <i3dMapping id="tipOcclusionUpdateArea1End" node="0>6|0|0" />
        <i3dMapping id="infoTrigger" node="0>7" />
        <i3dMapping id="warningStripes" node="0>8" />
        <i3dMapping id="teleportNode" node="0>11" />
    </i3dMappings>
</placeable>
