<?xml version="1.0" encoding="utf-8" standalone="no" ?>
<placeable type="foliage" xmlns:xsi="http://www.w3.org/2001/XMLSchema-instance" xsi:noNamespaceSchemaLocation="../../../../shared/xml/schema/placeable.xsd">
    <storeData>
        <name>Green Grapevine</name>
        <functions>
            <function>$l10n_function_grapeOrchard</function>
        </functions>
        <image>$data/placeables/lizard/grape/store_grape.dds</image>
        <price>105</price>
        <dailyUpkeep>0</dailyUpkeep>
        <lifetime>1000</lifetime>
        <rotation>0</rotation>
        <brand>NONE</brand>
        <species>placeable</species>
        <category>fences</category>
        <canBeSold>true</canBeSold>
        <showInStore>true</showInStore>
        <vertexBufferMemoryUsage>178688</vertexBufferMemoryUsage>
        <indexBufferMemoryUsage>18688</indexBufferMemoryUsage>
        <textureMemoryUsage>1703936</textureMemoryUsage>
        <instanceVertexBufferMemoryUsage>0</instanceVertexBufferMemoryUsage>
        <instanceIndexBufferMemoryUsage>0</instanceIndexBufferMemoryUsage>

        <brush>
            <type>fence</type>
            <category>production</category>
            <tab>orchards</tab>
            <parameters>
                <parameter isFilename="true">grapeGreen/grapeSingleton.xml</parameter>
                <parameter>false</parameter> <!-- is gate -->
            </parameters>
        </brush>

        <storeIconRendering>
            <settings cameraXRot="-15" cameraYRot="20" advancedBoundingBox="true" lightIntensity="2.5"/>
        </storeIconRendering>
        <audioMemoryUsage>0</audioMemoryUsage>
    </storeData>

    <base>
        <filename>grapeGreen/source/grapeGreen.i3d</filename>
    </base>

</placeable>
